train_loss,train_acc,train_micro_f1,train_macro_f1,train_micro_auc,train_macro_auc,train_avg_sensitivity,train_avg_specificity,val_loss,val_acc,val_micro_f1,val_macro_f1,val_micro_auc,val_macro_auc,val_avg_sensitivity,val_avg_specificity,test_loss,test_acc,test_micro_f1,test_macro_f1,test_micro_auc,test_macro_auc,test_avg_sensitivity,test_avg_specificity,id
inf,0.83725,0.83725,0.8371987074177558,0.9149718611111112,0.9149718611111112,0.83725,0.8376755556189688,inf,0.8873333333333333,0.8873333333333333,0.8870803431153977,0.9503342222222222,0.9503342222222222,0.8873333333333333,0.8908359179778245,inf,0.8393333333333334,0.8393333333333333,0.8390121446744193,0.9159946666666666,0.9159946666666666,0.8393333333333333,0.8420631492927559,plexus_detection
