train_loss,train_acc,train_micro_f1,train_macro_f1,train_micro_auc,train_macro_auc,train_avg_sensitivity,train_avg_specificity,val_loss,val_acc,val_micro_f1,val_macro_f1,val_micro_auc,val_macro_auc,val_avg_sensitivity,val_avg_specificity,test_loss,test_acc,test_micro_f1,test_macro_f1,test_micro_auc,test_macro_auc,test_avg_sensitivity,test_avg_specificity,id
inf,0.8404166666666667,0.8404166666666667,0.8403585294558555,0.9172474722222222,0.9172474722222222,0.8404166666666667,0.8409132731376837,inf,0.88,0.88,0.8799383149742712,0.9505742222222221,0.9505742222222221,0.8799999999999999,0.8820289294596002,inf,0.838,0.838,0.8375262264764052,0.9188924444444443,0.9188924444444443,0.8360000000000001,0.8420908593322387,plexus_detection
