train_loss,train_acc,train_micro_f1,train_macro_f1,train_micro_auc,train_macro_auc,train_avg_sensitivity,train_avg_specificity,val_loss,val_acc,val_micro_f1,val_macro_f1,val_micro_auc,val_macro_auc,val_avg_sensitivity,val_avg_specificity,test_loss,test_acc,test_micro_f1,test_macro_f1,test_micro_auc,test_macro_auc,test_avg_sensitivity,test_avg_specificity,id
inf,0.8430833333333333,0.8430833333333333,0.8430135517669101,0.919694,0.919694,0.8430833333333333,0.8436944315797497,inf,0.8893333333333333,0.8893333333333333,0.8893333333333333,0.9521742222222221,0.9521742222222221,0.8893333333333333,0.8893333333333333,inf,0.838,0.838,0.8377137270144535,0.9212462222222223,0.9212462222222223,0.8380000000000001,0.8404018756344769,plexus_detection
