train_loss,train_acc,train_micro_f1,train_macro_f1,train_micro_auc,train_macro_auc,train_avg_sensitivity,train_avg_specificity,val_loss,val_acc,val_micro_f1,val_macro_f1,val_micro_auc,val_macro_auc,val_avg_sensitivity,val_avg_specificity,test_loss,test_acc,test_micro_f1,test_macro_f1,test_micro_auc,test_macro_auc,test_avg_sensitivity,test_avg_specificity,id
inf,0.8341666666666666,0.8341666666666666,0.8340991957312416,0.9126549027777777,0.9126549027777777,0.8341666666666666,0.834711167355695,inf,0.8166666666666667,0.8166666666666667,0.8160760664801417,0.8979199999999999,0.8979199999999999,0.8166666666666667,0.820786997433704,inf,0.8073333333333333,0.8073333333333333,0.8044865709109392,0.8822151111111111,0.8822151111111111,0.7966666666666666,0.8181753181753182,plexus_detection
