train_loss,train_acc,train_micro_f1,train_macro_f1,train_micro_auc,train_macro_auc,train_avg_sensitivity,train_avg_specificity,val_loss,val_acc,val_micro_f1,val_macro_f1,val_micro_auc,val_macro_auc,val_avg_sensitivity,val_avg_specificity,test_loss,test_acc,test_micro_f1,test_macro_f1,test_micro_auc,test_macro_auc,test_avg_sensitivity,test_avg_specificity,id
inf,0.83725,0.83725,0.837197739343758,0.9160269444444444,0.9160269444444444,0.83725,0.8376835951162291,inf,0.8473333333333334,0.8473333333333334,0.8469708923935846,0.923591111111111,0.923591111111111,0.8473333333333333,0.8530134892683899,inf,0.87,0.87,0.8699791388751705,0.9474257777777778,0.9474257777777778,0.87,0.8758364480347238,plexus_detection
