train_loss,train_acc,train_micro_f1,train_macro_f1,train_micro_auc,train_macro_auc,train_avg_sensitivity,train_avg_specificity,val_loss,val_acc,val_micro_f1,val_macro_f1,val_micro_auc,val_macro_auc,val_avg_sensitivity,val_avg_specificity,test_loss,test_acc,test_micro_f1,test_macro_f1,test_micro_auc,test_macro_auc,test_avg_sensitivity,test_avg_specificity,id
inf,0.8466666666666667,0.8466666666666667,0.8466103172623831,0.9216001249999999,0.9216001249999999,0.8466666666666667,0.847176823721524,inf,0.82,0.82,0.8198587692751116,0.9002542222222222,0.9002542222222222,0.8200000000000001,0.8210066769388803,inf,0.8433333333333334,0.8433333333333335,0.8433132077853556,0.918304,0.918304,0.8433333333333333,0.8435098210458352,plexus_detection
